{
  "index": [
    0, 1, 2, 3, 4, 5, 6, 7, 8, 9, 10, 11, 12, 13, 14, 15, 16, 17, 18, 19, 20,
    21, 22, 23, 24, 25, 26, 27, 28, 29, 30, 31, 32, 33, 34, 35, 36, 37, 38, 39,
    40, 41, 42, 43, 44, 45, 46, 47, 48, 49, 50, 51, 52, 53, 54, 55, 56, 57, 58,
    59, 60, 61, 62, 63, 64, 65, 66, 67, 68, 69, 70, 71, 72, 73, 74, 75, 76, 77,
    78, 79, 80, 81, 82, 83, 84, 85, 86, 87, 88, 89, 90, 91, 92, 93, 94, 95
  ],
  "position": [
    21.531332, 0, -21.531332, 0, 0, 0, 22.92045, 0, 0, -21.531332, 0,
    -21.531332, 0, 0, 0, 0, 0, -22.92045, 0, 0, 0, 21.531334, 0, 21.53133,
    22.92045, 0, 0, 0, 0, 0, -21.531334, 0, 21.531332, 0, 0, 22.920448,
    33.599297, 0, -33.599297, 21.531332, 0, -21.531332, 42.715385, 0,
    -18.232176, 18.232176, 0, -42.715385, 0, 0, -22.92045, 21.531332, 0,
    -21.531332, -18.23218, 0, -42.715385, 0, 0, -22.92045, 0, 0, -45.8409,
    -33.599297, 0, -33.599297, -21.531332, 0, -21.531332, -18.23218, 0,
    -42.715385, -42.715385, 0, -18.232176, -22.92045, 0, 0, -21.531332, 0,
    -21.531332, -22.92045, 0, 0, -42.715385, 0, 18.23218, -21.531334, 0,
    21.531332, -21.531334, 0, 21.531332, -33.599297, 0, 33.599297, -18.232178,
    0, 42.715385, 0, 0, 22.920448, -18.232178, 0, 42.715385, 0, 0, 45.8409, 0,
    0, 22.920448, 18.232176, 0, 42.715385, 21.531334, 0, 21.53133, 21.531334, 0,
    21.53133, 33.599297, 0, 33.599297, 42.715385, 0, 18.232178, 22.92045, 0, 0,
    42.715385, 0, 18.232178, 45.8409, 0, 0, 42.715385, 0, -18.232176, 22.92045,
    0, 0, 45.8409, 0, 0, 21.531332, 0, -21.531332, 0, 0, -22.92045, 0, 0, 0,
    -21.531332, 0, -21.531332, -22.92045, 0, 0, 0, 0, 0, 0, 0, 0, 0, 0,
    22.920448, 21.531334, 0, 21.53133, 0, 0, 0, -22.92045, 0, 0, -21.531334, 0,
    21.531332, 33.599297, 0, -33.599297, 18.232176, 0, -42.715385, 21.531332, 0,
    -21.531332, 18.232176, 0, -42.715385, 0, 0, -45.8409, 0, 0, -22.92045,
    -18.23218, 0, -42.715385, -21.531332, 0, -21.531332, 0, 0, -22.92045,
    -33.599297, 0, -33.599297, -42.715385, 0, -18.232176, -21.531332, 0,
    -21.531332, -42.715385, 0, -18.232176, -45.8409, 0, 0, -22.92045, 0, 0,
    -22.92045, 0, 0, -45.8409, 0, 0, -42.715385, 0, 18.23218, -21.531334, 0,
    21.531332, -42.715385, 0, 18.23218, -33.599297, 0, 33.599297, 0, 0,
    22.920448, -21.531334, 0, 21.531332, -18.232178, 0, 42.715385, 0, 0,
    22.920448, 0, 0, 45.8409, 18.232176, 0, 42.715385, 21.531334, 0, 21.53133,
    18.232176, 0, 42.715385, 33.599297, 0, 33.599297, 22.92045, 0, 0, 21.531334,
    0, 21.53133, 42.715385, 0, 18.232178, 42.715385, 0, -18.232176, 21.531332,
    0, -21.531332, 22.92045, 0, 0
  ],
  "normal": [
    0, 1, 0, 0, 1, 0, 0, 1, 0, 0, 1, 0, 0, 1, 0, 0, 1, 0, 0, 1, 0, 0, 1, 0, 0,
    1, 0, 0, 1, 0, 0, 1, 0, 0, 1, 0, 0, 1, 0, 0, 1, 0, 0, 1, 0, 0, 1, 0, 0, 1,
    0, 0, 1, 0, 0, 1, 0, 0, 1, 0, 0, 1, 0, 0, 1, 0, 0, 1, 0, 0, 1, 0, 0, 1, 0,
    0, 1, 0, 0, 1, 0, 0, 1, 0, 0, 1, 0, 0, 1, 0, 0, 1, 0, 0, 1, 0, 0, 1, 0, 0,
    1, 0, 0, 1, 0, 0, 1, 0, 0, 1, 0, 0, 1, 0, 0, 1, 0, 0, 1, 0, 0, 1, 0, 0, 1,
    0, 0, 1, 0, 0, 1, 0, 0, 1, 0, 0, 1, 0, 0, 1, 0, 0, 1, 0, 0, 1, 0, 0, 1, 0,
    0, 1, 0, 0, 1, 0, 0, 1, 0, 0, 1, 0, 0, 1, 0, 0, 1, 0, 0, 1, 0, 0, 1, 0, 0,
    1, 0, 0, 1, 0, 0, 1, 0, 0, 1, 0, 0, 1, 0, 0, 1, 0, 0, 1, 0, 0, 1, 0, 0, 1,
    0, 0, 1, 0, 0, 1, 0, 0, 1, 0, 0, 1, 0, 0, 1, 0, 0, 1, 0, 0, 1, 0, 0, 1, 0,
    0, 1, 0, 0, 1, 0, 0, 1, 0, 0, 1, 0, 0, 1, 0, 0, 1, 0, 0, 1, 0, 0, 1, 0, 0,
    1, 0, 0, 1, 0, 0, 1, 0, 0, 1, 0, 0, 1, 0, 0, 1, 0, 0, 1, 0, 0, 1, 0, 0, 1,
    0, 0, 1, 0, 0, 1, 0, 0, 1, 0, 0, 1, 0
  ],
  "uv": [
    0.239157, 0.045985000000000054, 0.239157, 0.045985000000000054, 0.239157,
    0.045985000000000054, 0.266226, 0.047216000000000036, 0.266226,
    0.047216000000000036, 0.266226, 0.047216000000000036, 0.204706,
    0.04967699999999997, 0.204706, 0.04967699999999997, 0.204706,
    0.04967699999999997, 0.143802, 0.05490600000000001, 0.143802,
    0.05490600000000001, 0.143802, 0.05490600000000001, 0.175177,
    0.047216000000000036, 0.175177, 0.047216000000000036, 0.175177,
    0.047216000000000036, 0.175177, 0.047216000000000036, 0.175177,
    0.047216000000000036, 0.175177, 0.047216000000000036, 0.175177,
    0.047216000000000036, 0.175177, 0.047216000000000036, 0.175177,
    0.047216000000000036, 0.143802, 0.05490600000000001, 0.143802,
    0.05490600000000001, 0.143802, 0.05490600000000001, 0.239157,
    0.045985000000000054, 0.239157, 0.045985000000000054, 0.239157,
    0.045985000000000054, 0.173946, 0.04906100000000002, 0.173946,
    0.04906100000000002, 0.173946, 0.04906100000000002, 0.175177,
    0.047216000000000036, 0.175177, 0.047216000000000036, 0.175177,
    0.047216000000000036, 0.143802, 0.05490600000000001, 0.143802,
    0.05490600000000001, 0.143802, 0.05490600000000001, 0.173946,
    0.04906100000000002, 0.173946, 0.04906100000000002, 0.173946,
    0.04906100000000002, 0.303137, 0.054598000000000035, 0.303137,
    0.054598000000000035, 0.303137, 0.054598000000000035, 0.173946,
    0.04906100000000002, 0.173946, 0.04906100000000002, 0.173946,
    0.04906100000000002, 0.143802, 0.05490600000000001, 0.143802,
    0.05490600000000001, 0.143802, 0.05490600000000001, 0.175177,
    0.047216000000000036, 0.175177, 0.047216000000000036, 0.175177,
    0.047216000000000036, 0.175177, 0.047216000000000036, 0.175177,
    0.047216000000000036, 0.175177, 0.047216000000000036, 0.175177,
    0.047216000000000036, 0.175177, 0.047216000000000036, 0.175177,
    0.047216000000000036, 0.212088, 0.047216000000000036, 0.212088,
    0.047216000000000036, 0.212088, 0.047216000000000036, 0.143802,
    0.05490600000000001, 0.143802, 0.05490600000000001, 0.143802,
    0.05490600000000001, 0.303137, 0.054598000000000035, 0.303137,
    0.054598000000000035, 0.303137, 0.054598000000000035, 0.173946,
    0.04906100000000002, 0.173946, 0.04906100000000002, 0.173946,
    0.04906100000000002, 0.173946, 0.04906100000000002, 0.173946,
    0.04906100000000002, 0.173946, 0.04906100000000002, 0.239157,
    0.045985000000000054, 0.239157, 0.045985000000000054, 0.239157,
    0.045985000000000054, 0.143802, 0.05490600000000001, 0.143802,
    0.05490600000000001, 0.143802, 0.05490600000000001, 0.175177,
    0.047216000000000036, 0.175177, 0.047216000000000036, 0.175177,
    0.047216000000000036, 0.239157, 0.045985000000000054, 0.239157,
    0.045985000000000054, 0.239157, 0.045985000000000054, 0.210243,
    0.05490600000000001, 0.210243, 0.05490600000000001, 0.210243,
    0.05490600000000001, 0.143802, 0.05490600000000001, 0.143802,
    0.05490600000000001, 0.143802, 0.05490600000000001, 0.175177,
    0.047216000000000036, 0.175177, 0.047216000000000036, 0.175177,
    0.047216000000000036, 0.273608, 0.061980000000000035, 0.273608,
    0.061980000000000035, 0.273608, 0.061980000000000035
  ]
}
